﻿<?xml version="1.0" encoding="utf-8"?>
<environment environmentId="TopCoder" description="Helix HTML Container local environment" xmlns="http://commbank.com.au/appstore/environment.xsd">
  <apps>
    <add host="Apps/HelloWorld/Manifest.xml"/>
    <add host="Apps/HelloWorldForm/Manifest.xml"/>
    <add host="Apps/NavigationExample/Manifest.xml"/>
    <add host="Apps/ContextExample/Manifest.xml"/>
    <!-- the developer container requires this app -->
    <add host="Apps/ContextEditor/Manifest.xml"/>
  </apps>
  <dataSources>
    <!-- example only -->
    <dataSource publisher="CBA" dataSource="CommSeeDB" endpoint="T1"/>
    <dataSource publisher="CBA" dataSource="CreditCard" endpoint="Test1"/>
    <dataSource publisher="CBA" dataSource="Transact" endpoint="Transact1"/>
    <dataSource publisher="TCS" dataSource="IFW" endpoint="S2"/>
  </dataSources>
</environment>
